strategy,density,tris,node_count,build_ms,render_ms,nodes_per_ray
SAH,Small,16180,14863,3.38229,24.6749,170.24
SAH,Medium,19752,17959,3.51187,20.0522,218.259
SAH,Large,32928,29553,5.92188,22.6511,200.577
Median,Small,16180,16383,2.75946,31.1655,359.032
Median,Medium,19752,23119,3.43108,35.257,388.445
Median,Large,32928,33087,5.32371,36.9016,364.478
Morton,Small,16180,16383,1.48487,53.7096,605.471
Morton,Medium,19752,23119,1.97704,48.087,542.363
Morton,Large,32928,33087,3.27975,71.1885,750.044
